date,location,new_cases,new_deaths,total_cases,total_deaths
2/25/20,Afghanistan,,,1,
2/26/20,Afghanistan,0,,1,
2/27/20,Afghanistan,0,,1,
2/28/20,Afghanistan,0,,1,
2/29/20,Afghanistan,0,,1,
3/1/20,Afghanistan,0,,1,
3/2/20,Afghanistan,0,,1,
3/3/20,Afghanistan,0,,1,
3/4/20,Afghanistan,0,,1,
3/5/20,Afghanistan,0,,1,
3/6/20,Afghanistan,0,,1,
3/7/20,Afghanistan,0,,1,
3/8/20,Afghanistan,3,,4,
3/9/20,Afghanistan,0,,4,
3/10/20,Afghanistan,0,,4,
3/11/20,Afghanistan,0,,4,
3/12/20,Afghanistan,3,,7,
3/13/20,Afghanistan,0,,7,
3/14/20,Afghanistan,0,,7,
3/9/20,Albania,,,2,
3/10/20,Albania,0,,2,
3/11/20,Albania,8,,10,
3/12/20,Albania,0,,10,
3/13/20,Albania,13,,23,
3/14/20,Albania,10,,33,1
2/26/20,Algeria,,,1,
2/27/20,Algeria,0,,1,
2/28/20,Algeria,0,,1,
2/29/20,Algeria,0,,1,
3/1/20,Algeria,0,,1,
3/2/20,Algeria,0,,1,
3/3/20,Algeria,4,,5,
3/4/20,Algeria,0,,5,
3/5/20,Algeria,7,,12,
3/6/20,Algeria,0,,12,
3/7/20,Algeria,5,,17,
3/8/20,Algeria,0,,17,
3/9/20,Algeria,3,,20,
3/10/20,Algeria,0,,20,
3/11/20,Algeria,0,,20,
3/12/20,Algeria,5,,25,1
3/13/20,Algeria,0,0,25,1
3/14/20,Algeria,1,1,26,2
3/3/20,Andorra,,,1,
3/4/20,Andorra,0,,1,
3/5/20,Andorra,0,,1,
3/6/20,Andorra,0,,1,
3/7/20,Andorra,0,,1,
3/8/20,Andorra,0,,1,
3/9/20,Andorra,0,,1,
3/10/20,Andorra,0,,1,
3/11/20,Andorra,0,,1,
3/12/20,Andorra,0,,1,
3/13/20,Andorra,0,,1,
3/14/20,Andorra,1,,2,
3/14/20,Antigua and Barbuda,,,1,
3/4/20,Argentina,,,1,
3/5/20,Argentina,0,,1,
3/6/20,Argentina,0,,1,
3/7/20,Argentina,1,,2,
3/8/20,Argentina,7,,9,1
3/9/20,Argentina,3,0,12,1
3/10/20,Argentina,0,0,12,1
3/11/20,Argentina,5,0,17,1
3/12/20,Argentina,2,0,19,1
3/13/20,Argentina,12,0,31,1
3/14/20,Argentina,3,1,34,2
3/2/20,Armenia,,,1,
3/3/20,Armenia,0,,1,
3/4/20,Armenia,0,,1,
3/5/20,Armenia,0,,1,
3/6/20,Armenia,0,,1,
3/7/20,Armenia,0,,1,
3/8/20,Armenia,0,,1,
3/9/20,Armenia,0,,1,
3/10/20,Armenia,0,,1,
3/11/20,Armenia,0,,1,
3/12/20,Armenia,0,,1,
3/13/20,Armenia,0,,1,
3/14/20,Armenia,7,,8,
1/25/20,Australia,,,3,
1/26/20,Australia,1,,4,
1/27/20,Australia,0,,4,
1/28/20,Australia,1,,5,
1/29/20,Australia,2,,7,
1/30/20,Australia,0,,7,
1/31/20,Australia,2,,9,
2/1/20,Australia,3,,12,
2/2/20,Australia,0,,12,
2/3/20,Australia,0,,12,
2/4/20,Australia,0,,12,
2/5/20,Australia,1,,13,
2/6/20,Australia,1,,14,
2/7/20,Australia,1,,15,
2/8/20,Australia,0,,15,
2/9/20,Australia,0,,15,
2/10/20,Australia,0,,15,
2/11/20,Australia,0,,15,
2/12/20,Australia,0,,15,
2/13/20,Australia,0,,15,
2/14/20,Australia,0,,15,
2/15/20,Australia,0,,15,
2/16/20,Australia,0,,15,
2/17/20,Australia,0,,15,
2/18/20,Australia,0,,15,
2/19/20,Australia,0,,15,
2/20/20,Australia,0,,15,
2/21/20,Australia,2,,17,
2/22/20,Australia,4,,21,
2/23/20,Australia,1,,22,
2/24/20,Australia,0,,22,
2/25/20,Australia,0,,22,
2/26/20,Australia,1,,23,
2/27/20,Australia,0,,23,
2/28/20,Australia,0,,23,
2/29/20,Australia,1,,24,
3/1/20,Australia,1,,25,
3/2/20,Australia,2,,27,1
3/3/20,Australia,6,0,33,1
3/4/20,Australia,10,0,43,1
3/5/20,Australia,14,0,57,1
3/6/20,Australia,0,1,57,2
3/7/20,Australia,5,0,62,2
3/8/20,Australia,12,1,74,3
3/9/20,Australia,3,0,77,3
3/10/20,Australia,15,0,92,3
3/11/20,Australia,20,0,112,3
3/12/20,Australia,10,0,122,3
3/13/20,Australia,18,0,140,3
3/14/20,Australia,57,0,197,3
2/26/20,Austria,,,2,
2/27/20,Austria,0,,2,
2/28/20,Austria,2,,4,
2/29/20,Austria,1,,5,
3/1/20,Austria,5,,10,
3/2/20,Austria,0,,10,
3/3/20,Austria,8,,18,
3/4/20,Austria,6,,24,
3/5/20,Austria,13,,37,
3/6/20,Austria,10,,47,
3/7/20,Austria,19,,66,
3/8/20,Austria,38,,104,
3/9/20,Austria,8,,112,
3/10/20,Austria,19,,131,
3/11/20,Austria,51,,182,
3/12/20,Austria,120,,302,
3/13/20,Austria,59,,361,1
3/14/20,Austria,143,0,504,1
3/1/20,Azerbaijan,,,3,
3/2/20,Azerbaijan,0,,3,
3/3/20,Azerbaijan,0,,3,
3/4/20,Azerbaijan,0,,3,
3/5/20,Azerbaijan,0,,3,
3/6/20,Azerbaijan,0,,3,
3/7/20,Azerbaijan,6,,9,
3/8/20,Azerbaijan,0,,9,
3/9/20,Azerbaijan,0,,9,
3/10/20,Azerbaijan,0,,9,
3/11/20,Azerbaijan,0,,9,
3/12/20,Azerbaijan,0,,9,
3/13/20,Azerbaijan,2,,11,
3/14/20,Azerbaijan,0,,11,
2/25/20,Bahrain,,,8,
2/26/20,Bahrain,18,,26,
2/27/20,Bahrain,7,,33,
2/28/20,Bahrain,0,,33,
2/29/20,Bahrain,5,,38,
3/1/20,Bahrain,2,,40,
3/2/20,Bahrain,7,,47,
3/3/20,Bahrain,2,,49,
3/4/20,Bahrain,0,,49,
3/5/20,Bahrain,0,,49,
3/6/20,Bahrain,0,,49,
3/7/20,Bahrain,0,,49,
3/8/20,Bahrain,7,,56,
3/9/20,Bahrain,23,,79,
3/10/20,Bahrain,30,,109,
3/11/20,Bahrain,1,,110,
3/12/20,Bahrain,79,,189,
3/13/20,Bahrain,6,,195,
3/14/20,Bahrain,15,,210,
3/9/20,Bangladesh,,,3,
3/10/20,Bangladesh,0,,3,
3/11/20,Bangladesh,0,,3,
3/12/20,Bangladesh,0,,3,
3/13/20,Bangladesh,0,,3,
3/14/20,Bangladesh,0,,3,
2/28/20,Belarus,,,1,
2/29/20,Belarus,0,,1,
3/1/20,Belarus,0,,1,
3/2/20,Belarus,0,,1,
3/3/20,Belarus,0,,1,
3/4/20,Belarus,0,,1,
3/5/20,Belarus,5,,6,
3/6/20,Belarus,0,,6,
3/7/20,Belarus,0,,6,
3/8/20,Belarus,0,,6,
3/9/20,Belarus,0,,6,
3/10/20,Belarus,0,,6,
3/11/20,Belarus,3,,9,
3/12/20,Belarus,3,,12,
3/13/20,Belarus,0,,12,
3/14/20,Belarus,9,,21,
2/5/20,Belgium,,,1,
2/6/20,Belgium,0,,1,
2/7/20,Belgium,0,,1,
2/8/20,Belgium,0,,1,
2/9/20,Belgium,0,,1,
2/10/20,Belgium,0,,1,
2/11/20,Belgium,0,,1,
2/12/20,Belgium,0,,1,
2/13/20,Belgium,0,,1,
2/14/20,Belgium,0,,1,
2/15/20,Belgium,0,,1,
2/16/20,Belgium,0,,1,
2/17/20,Belgium,0,,1,
2/18/20,Belgium,0,,1,
2/19/20,Belgium,0,,1,
2/20/20,Belgium,0,,1,
2/21/20,Belgium,0,,1,
2/22/20,Belgium,0,,1,
2/23/20,Belgium,0,,1,
2/24/20,Belgium,0,,1,
2/25/20,Belgium,0,,1,
2/26/20,Belgium,0,,1,
2/27/20,Belgium,0,,1,
2/28/20,Belgium,0,,1,
2/29/20,Belgium,0,,1,
3/1/20,Belgium,0,,1,
3/2/20,Belgium,0,,1,
3/3/20,Belgium,7,,8,
3/4/20,Belgium,0,,8,
3/5/20,Belgium,15,,23,
3/6/20,Belgium,27,,50,
3/7/20,Belgium,59,,109,
3/8/20,Belgium,60,,169,
3/9/20,Belgium,31,,200,
3/10/20,Belgium,39,,239,
3/11/20,Belgium,28,,267,
3/12/20,Belgium,47,,314,
3/13/20,Belgium,0,,314,
3/14/20,Belgium,285,,599,
3/6/20,Bhutan,,,1,
3/7/20,Bhutan,0,,1,
3/8/20,Bhutan,0,,1,
3/9/20,Bhutan,0,,1,
3/10/20,Bhutan,0,,1,
3/11/20,Bhutan,0,,1,
3/12/20,Bhutan,0,,1,
3/13/20,Bhutan,0,,1,
3/14/20,Bhutan,0,,1,
3/11/20,Bolivia,,,2,
3/12/20,Bolivia,0,,2,
3/13/20,Bolivia,1,,3,
3/14/20,Bolivia,0,,3,
3/5/20,Bosnia and Herzegovina,,,2,
3/6/20,Bosnia and Herzegovina,0,,2,
3/7/20,Bosnia and Herzegovina,0,,2,
3/8/20,Bosnia and Herzegovina,0,,2,
3/9/20,Bosnia and Herzegovina,0,,2,
3/10/20,Bosnia and Herzegovina,0,,2,
3/11/20,Bosnia and Herzegovina,2,,4,
3/12/20,Bosnia and Herzegovina,0,,4,
3/13/20,Bosnia and Herzegovina,0,,4,
3/14/20,Bosnia and Herzegovina,7,,11,
2/27/20,Brazil,,,1,
2/28/20,Brazil,0,,1,
2/29/20,Brazil,0,,1,
3/1/20,Brazil,1,,2,
3/2/20,Brazil,0,,2,
3/3/20,Brazil,0,,2,
3/4/20,Brazil,0,,2,
3/5/20,Brazil,1,,3,
3/6/20,Brazil,4,,7,
3/7/20,Brazil,6,,13,
3/8/20,Brazil,6,,19,
3/9/20,Brazil,6,,25,
3/10/20,Brazil,0,,25,
3/11/20,Brazil,9,,34,
3/12/20,Brazil,18,,52,
3/13/20,Brazil,25,,77,
3/14/20,Brazil,21,,98,
3/10/20,Brunei,,,1,
3/11/20,Brunei,0,,1,
3/12/20,Brunei,11,,12,
3/13/20,Brunei,0,,12,
3/14/20,Brunei,13,,25,
3/8/20,Bulgaria,,,2,
3/9/20,Bulgaria,2,,4,
3/10/20,Bulgaria,0,,4,
3/11/20,Bulgaria,2,,6,
3/12/20,Bulgaria,1,,7,1
3/13/20,Bulgaria,0,0,7,1
3/14/20,Bulgaria,0,0,7,1
3/11/20,Burkina Faso,,,2,
3/12/20,Burkina Faso,0,,2,
3/13/20,Burkina Faso,0,,2,
3/14/20,Burkina Faso,0,,2,
1/28/20,Cambodia,,,1,
1/29/20,Cambodia,0,,1,
1/30/20,Cambodia,0,,1,
1/31/20,Cambodia,0,,1,
2/1/20,Cambodia,0,,1,
2/2/20,Cambodia,0,,1,
2/3/20,Cambodia,0,,1,
2/4/20,Cambodia,0,,1,
2/5/20,Cambodia,0,,1,
2/6/20,Cambodia,0,,1,
2/7/20,Cambodia,0,,1,
2/8/20,Cambodia,0,,1,
2/9/20,Cambodia,0,,1,
2/10/20,Cambodia,0,,1,
2/11/20,Cambodia,0,,1,
2/12/20,Cambodia,0,,1,
2/13/20,Cambodia,0,,1,
2/14/20,Cambodia,0,,1,
2/15/20,Cambodia,0,,1,
2/16/20,Cambodia,0,,1,
2/17/20,Cambodia,0,,1,
2/18/20,Cambodia,0,,1,
2/19/20,Cambodia,0,,1,
2/20/20,Cambodia,0,,1,
2/21/20,Cambodia,0,,1,
2/22/20,Cambodia,0,,1,
2/23/20,Cambodia,0,,1,
2/24/20,Cambodia,0,,1,
2/25/20,Cambodia,0,,1,
2/26/20,Cambodia,0,,1,
2/27/20,Cambodia,0,,1,
2/28/20,Cambodia,0,,1,
2/29/20,Cambodia,0,,1,
3/1/20,Cambodia,0,,1,
3/2/20,Cambodia,0,,1,
3/3/20,Cambodia,0,,1,
3/4/20,Cambodia,0,,1,
3/5/20,Cambodia,0,,1,
3/6/20,Cambodia,0,,1,
3/7/20,Cambodia,0,,1,
3/8/20,Cambodia,1,,2,
3/9/20,Cambodia,0,,2,
3/10/20,Cambodia,0,,2,
3/11/20,Cambodia,1,,3,
3/12/20,Cambodia,0,,3,
3/13/20,Cambodia,2,,5,
3/14/20,Cambodia,2,,7,
3/6/20,Cameroon,,,1,
3/7/20,Cameroon,1,,2,
3/8/20,Cameroon,0,,2,
3/9/20,Cameroon,0,,2,
3/10/20,Cameroon,0,,2,
3/11/20,Cameroon,0,,2,
3/12/20,Cameroon,0,,2,
3/13/20,Cameroon,0,,2,
3/14/20,Cameroon,0,,2,
1/27/20,Canada,,,1,
1/28/20,Canada,1,,2,
1/29/20,Canada,1,,3,
1/30/20,Canada,0,,3,
1/31/20,Canada,0,,3,
2/1/20,Canada,1,,4,
2/2/20,Canada,0,,4,
2/3/20,Canada,0,,4,
2/4/20,Canada,0,,4,
2/5/20,Canada,1,,5,
2/6/20,Canada,0,,5,
2/7/20,Canada,2,,7,
2/8/20,Canada,0,,7,
2/9/20,Canada,0,,7,
2/10/20,Canada,0,,7,
2/11/20,Canada,0,,7,
2/12/20,Canada,0,,7,
2/13/20,Canada,0,,7,
2/14/20,Canada,0,,7,
2/15/20,Canada,0,,7,
2/16/20,Canada,0,,7,
2/17/20,Canada,0,,7,
2/18/20,Canada,1,,8,
2/19/20,Canada,0,,8,
2/20/20,Canada,0,,8,
2/21/20,Canada,0,,8,
2/22/20,Canada,0,,8,
2/23/20,Canada,1,,9,
2/24/20,Canada,0,,9,
2/25/20,Canada,1,,10,
2/26/20,Canada,0,,10,
2/27/20,Canada,1,,11,
2/28/20,Canada,0,,11,
2/29/20,Canada,3,,14,
3/1/20,Canada,5,,19,
3/2/20,Canada,0,,19,
3/3/20,Canada,8,,27,
3/4/20,Canada,3,,30,
3/5/20,Canada,0,,30,
3/6/20,Canada,15,,45,
3/7/20,Canada,6,,51,
3/8/20,Canada,6,,57,
3/9/20,Canada,5,,62,
3/10/20,Canada,15,,77,
3/11/20,Canada,16,,93,1
3/12/20,Canada,0,0,93,1
3/13/20,Canada,45,0,138,1
3/14/20,Canada,38,0,176,1
3/14/20,Cayman Islands,,,1,
3/4/20,Chile,,,1,
3/5/20,Chile,0,,1,
3/6/20,Chile,0,,1,
3/7/20,Chile,4,,5,
3/8/20,Chile,0,,5,
3/9/20,Chile,5,,10,
3/10/20,Chile,3,,13,
3/11/20,Chile,4,,17,
3/12/20,Chile,6,,23,
3/13/20,Chile,10,,33,
3/14/20,Chile,10,,43,
1/21/20,China,,,278,6
1/22/20,China,32,0,310,6
1/23/20,China,264,11,574,17
1/24/20,China,261,8,835,25
1/25/20,China,462,16,1297,41
1/26/20,China,688,15,1985,56
1/27/20,China,776,24,2761,80
1/28/20,China,1776,26,4537,106
1/29/20,China,1460,26,5997,132
1/30/20,China,1739,38,7736,170
1/31/20,China,1984,43,9720,213
2/1/20,China,2101,46,11821,259
2/2/20,China,2590,45,14411,304
2/3/20,China,2827,57,17238,361
2/4/20,China,3233,64,20471,425
2/5/20,China,3892,66,24363,491
2/6/20,China,3697,73,28060,564
2/7/20,China,3151,73,31211,637
2/8/20,China,3387,86,34598,723
2/9/20,China,2653,89,37251,812
2/10/20,China,2984,97,40235,909
2/11/20,China,2473,108,42708,1017
2/12/20,China,2022,97,44730,1114
2/13/20,China,1820,254,46550,1368
2/14/20,China,1998,13,48548,1381
2/15/20,China,1506,143,50054,1524
2/16/20,China,1120,142,51174,1666
2/17/20,China,19461,106,70635,1772
2/18/20,China,1893,98,72528,1870
2/19/20,China,1752,136,74280,2006
2/20/20,China,395,115,74675,2121
2/21/20,China,894,118,75569,2239
2/22/20,China,823,109,76392,2348
2/23/20,China,650,97,77042,2445
2/24/20,China,220,150,77262,2595
2/25/20,China,518,71,77780,2666
2/26/20,China,411,52,78191,2718
2/27/20,China,439,29,78630,2747
2/28/20,China,331,44,78961,2791
2/29/20,China,433,47,79394,2838
3/1/20,China,574,35,79968,2873
3/2/20,China,206,42,80174,2915
3/3/20,China,130,31,80304,2946
3/4/20,China,118,38,80422,2984
3/5/20,China,143,31,80565,3015
3/6/20,China,146,30,80711,3045
3/7/20,China,102,28,80813,3073
3/8/20,China,46,27,80859,3100
3/9/20,China,45,23,80904,3123
3/10/20,China,20,17,80924,3140
3/11/20,China,31,22,80955,3162
3/12/20,China,26,11,80981,3173
3/13/20,China,10,7,80991,3180
3/14/20,China,30,14,81021,3194
3/7/20,Colombia,,,1,
3/8/20,Colombia,0,,1,
3/9/20,Colombia,0,,1,
3/10/20,Colombia,2,,3,
3/11/20,Colombia,0,,3,
3/12/20,Colombia,6,,9,
3/13/20,Colombia,0,,9,
3/14/20,Colombia,7,,16,
3/8/20,Costa Rica,,,5,
3/9/20,Costa Rica,4,,9,
3/10/20,Costa Rica,0,,9,
3/11/20,Costa Rica,4,,13,
3/12/20,Costa Rica,0,,13,
3/13/20,Costa Rica,9,,22,
3/14/20,Costa Rica,1,,23,
2/26/20,Croatia,,,2,
2/27/20,Croatia,1,,3,
2/28/20,Croatia,0,,3,
2/29/20,Croatia,2,,5,
3/1/20,Croatia,2,,7,
3/2/20,Croatia,0,,7,
3/3/20,Croatia,1,,8,
3/4/20,Croatia,1,,9,
3/5/20,Croatia,0,,9,
3/6/20,Croatia,1,,10,
3/7/20,Croatia,1,,11,
3/8/20,Croatia,0,,11,
3/9/20,Croatia,0,,11,
3/10/20,Croatia,1,,12,
3/11/20,Croatia,4,,16,
3/12/20,Croatia,0,,16,
3/13/20,Croatia,0,,16,
3/14/20,Croatia,11,,27,
3/13/20,Cuba,,,3,
3/14/20,Cuba,1,,4,
3/10/20,Cyprus,,,2,
3/11/20,Cyprus,0,,2,
3/12/20,Cyprus,4,,6,
3/13/20,Cyprus,0,,6,
3/14/20,Cyprus,8,,14,
3/2/20,Czech Republic,,,3,
3/3/20,Czech Republic,0,,3,
3/4/20,Czech Republic,2,,5,
3/5/20,Czech Republic,0,,5,
3/6/20,Czech Republic,7,,12,
3/7/20,Czech Republic,0,,12,
3/8/20,Czech Republic,14,,26,
3/9/20,Czech Republic,6,,32,
3/10/20,Czech Republic,6,,38,
3/11/20,Czech Republic,23,,61,
3/12/20,Czech Republic,33,,94,
3/13/20,Czech Republic,22,,116,
3/14/20,Czech Republic,34,,150,
3/12/20,Cote d'Ivoire,,,1,
3/13/20,Cote d'Ivoire,0,,1,
3/14/20,Cote d'Ivoire,0,,1,
3/11/20,Democratic Republic of Congo,,,1,
3/12/20,Democratic Republic of Congo,0,,1,
3/13/20,Democratic Republic of Congo,0,,1,
3/14/20,Democratic Republic of Congo,1,,2,
2/27/20,Denmark,,,1,
2/28/20,Denmark,0,,1,
2/29/20,Denmark,1,,2,
3/1/20,Denmark,1,,3,
3/2/20,Denmark,1,,4,
3/3/20,Denmark,1,,5,
3/4/20,Denmark,3,,8,
3/5/20,Denmark,2,,10,
3/6/20,Denmark,8,,18,
3/7/20,Denmark,5,,23,
3/8/20,Denmark,8,,31,
3/9/20,Denmark,5,,36,
3/10/20,Denmark,54,,90,
3/11/20,Denmark,172,,262,
3/12/20,Denmark,353,,615,
3/13/20,Denmark,59,,674,
3/14/20,Denmark,127,,801,
3/2/20,Dominican Republic,,,1,
3/3/20,Dominican Republic,0,,1,
3/4/20,Dominican Republic,0,,1,
3/5/20,Dominican Republic,0,,1,
3/6/20,Dominican Republic,0,,1,
3/7/20,Dominican Republic,0,,1,
3/8/20,Dominican Republic,0,,1,
3/9/20,Dominican Republic,0,,1,
3/10/20,Dominican Republic,4,,5,
3/11/20,Dominican Republic,0,,5,
3/12/20,Dominican Republic,0,,5,
3/13/20,Dominican Republic,0,,5,
3/14/20,Dominican Republic,0,,5,
3/1/20,Ecuador,,,1,
3/2/20,Ecuador,0,,1,
3/3/20,Ecuador,5,,6,
3/4/20,Ecuador,1,,7,
3/5/20,Ecuador,0,,7,
3/6/20,Ecuador,6,,13,
3/7/20,Ecuador,1,,14,
3/8/20,Ecuador,0,,14,
3/9/20,Ecuador,1,,15,
3/10/20,Ecuador,0,,15,
3/11/20,Ecuador,0,,15,
3/12/20,Ecuador,2,,17,
3/13/20,Ecuador,0,,17,
3/14/20,Ecuador,6,,23,
2/15/20,Egypt,,,1,
2/16/20,Egypt,0,,1,
2/17/20,Egypt,0,,1,
2/18/20,Egypt,0,,1,
2/19/20,Egypt,0,,1,
2/20/20,Egypt,0,,1,
2/21/20,Egypt,0,,1,
2/22/20,Egypt,0,,1,
2/23/20,Egypt,0,,1,
2/24/20,Egypt,0,,1,
2/25/20,Egypt,0,,1,
2/26/20,Egypt,0,,1,
2/27/20,Egypt,0,,1,
2/28/20,Egypt,0,,1,
2/29/20,Egypt,0,,1,
3/1/20,Egypt,0,,1,
3/2/20,Egypt,1,,2,
3/3/20,Egypt,0,,2,
3/4/20,Egypt,0,,2,
3/5/20,Egypt,0,,2,
3/6/20,Egypt,1,,3,
3/7/20,Egypt,0,,3,
3/8/20,Egypt,45,,48,
3/9/20,Egypt,7,,55,1
3/10/20,Egypt,4,0,59,1
3/11/20,Egypt,0,0,59,1
3/12/20,Egypt,8,0,67,1
3/13/20,Egypt,0,0,67,1
3/14/20,Egypt,26,1,93,2
2/27/20,Estonia,,,1,
2/28/20,Estonia,0,,1,
2/29/20,Estonia,0,,1,
3/1/20,Estonia,0,,1,
3/2/20,Estonia,0,,1,
3/3/20,Estonia,0,,1,
3/4/20,Estonia,1,,2,
3/5/20,Estonia,0,,2,
3/6/20,Estonia,1,,3,
3/7/20,Estonia,7,,10,
3/8/20,Estonia,0,,10,
3/9/20,Estonia,0,,10,
3/10/20,Estonia,0,,10,
3/11/20,Estonia,3,,13,
3/12/20,Estonia,0,,13,
3/13/20,Estonia,0,,13,
3/14/20,Estonia,66,,79,
3/14/20,Ethiopia,,,1,
3/8/20,Faeroe Islands,,,1,
3/9/20,Faeroe Islands,1,,2,
3/10/20,Faeroe Islands,0,,2,
3/11/20,Faeroe Islands,0,,2,
3/12/20,Faeroe Islands,0,,2,
3/13/20,Faeroe Islands,0,,2,
3/14/20,Faeroe Islands,1,,3,
1/30/20,Finland,,,1,
1/31/20,Finland,0,,1,
2/1/20,Finland,0,,1,
2/2/20,Finland,0,,1,
2/3/20,Finland,0,,1,
2/4/20,Finland,0,,1,
2/5/20,Finland,0,,1,
2/6/20,Finland,0,,1,
2/7/20,Finland,0,,1,
2/8/20,Finland,0,,1,
2/9/20,Finland,0,,1,
2/10/20,Finland,0,,1,
2/11/20,Finland,0,,1,
2/12/20,Finland,0,,1,
2/13/20,Finland,0,,1,
2/14/20,Finland,0,,1,
2/15/20,Finland,0,,1,
2/16/20,Finland,0,,1,
2/17/20,Finland,0,,1,
2/18/20,Finland,0,,1,
2/19/20,Finland,0,,1,
2/20/20,Finland,0,,1,
2/21/20,Finland,0,,1,
2/22/20,Finland,0,,1,
2/23/20,Finland,0,,1,
2/24/20,Finland,0,,1,
2/25/20,Finland,0,,1,
2/26/20,Finland,0,,1,
2/27/20,Finland,1,,2,
2/28/20,Finland,0,,2,
2/29/20,Finland,0,,2,
3/1/20,Finland,0,,2,
3/2/20,Finland,4,,6,
3/3/20,Finland,1,,7,
3/4/20,Finland,0,,7,
3/5/20,Finland,0,,7,
3/6/20,Finland,5,,12,
3/7/20,Finland,7,,19,
3/8/20,Finland,0,,19,
3/9/20,Finland,11,,30,
3/10/20,Finland,10,,40,
3/11/20,Finland,0,,40,
3/12/20,Finland,0,,40,
3/13/20,Finland,69,,109,
3/14/20,Finland,0,,109,
1/25/20,France,,,3,
1/26/20,France,0,,3,
1/27/20,France,0,,3,
1/28/20,France,0,,3,
1/29/20,France,1,,4,
1/30/20,France,1,,5,
1/31/20,France,1,,6,
2/1/20,France,0,,6,
2/2/20,France,0,,6,
2/3/20,France,0,,6,
2/4/20,France,0,,6,
2/5/20,France,0,,6,
2/6/20,France,0,,6,
2/7/20,France,0,,6,
2/8/20,France,0,,6,
2/9/20,France,5,,11,
2/10/20,France,0,,11,
2/11/20,France,0,,11,
2/12/20,France,0,,11,
2/13/20,France,0,,11,
2/14/20,France,0,,11,
2/15/20,France,0,,11,
2/16/20,France,1,,12,1
2/17/20,France,0,0,12,1
2/18/20,France,0,0,12,1
2/19/20,France,0,0,12,1
2/20/20,France,0,0,12,1
2/21/20,France,0,0,12,1
2/22/20,France,0,0,12,1
2/23/20,France,0,0,12,1
2/24/20,France,0,0,12,1
2/25/20,France,0,0,12,1
2/26/20,France,0,0,12,1
2/27/20,France,6,1,18,2
2/28/20,France,20,0,38,2
2/29/20,France,19,0,57,2
3/1/20,France,43,0,100,2
3/2/20,France,0,0,100,2
3/3/20,France,91,1,191,3
3/4/20,France,21,1,212,4
3/5/20,France,70,0,282,4
3/6/20,France,138,2,420,6
3/7/20,France,193,3,613,9
3/8/20,France,93,1,706,10
3/9/20,France,410,9,1116,19
3/10/20,France,286,11,1402,30
3/11/20,France,372,3,1774,33
3/12/20,France,495,15,2269,48
3/13/20,France,591,13,2860,61
3/14/20,France,780,18,3640,79
3/8/20,French Guiana,,,5,
3/9/20,French Guiana,0,,5,
3/10/20,French Guiana,0,,5,
3/11/20,French Guiana,0,,5,
3/12/20,French Guiana,0,,5,
3/13/20,French Guiana,1,,6,
3/14/20,French Guiana,0,,6,
3/12/20,French Polynesia,,,1,
3/13/20,French Polynesia,0,,1,
3/14/20,French Polynesia,0,,1,
3/14/20,Gabon,,,1,
2/27/20,Georgia,,,1,
2/28/20,Georgia,0,,1,
2/29/20,Georgia,1,,2,
3/1/20,Georgia,1,,3,
3/2/20,Georgia,0,,3,
3/3/20,Georgia,0,,3,
3/4/20,Georgia,0,,3,
3/5/20,Georgia,0,,3,
3/6/20,Georgia,6,,9,
3/7/20,Georgia,0,,9,
3/8/20,Georgia,3,,12,
3/9/20,Georgia,1,,13,
3/10/20,Georgia,2,,15,
3/11/20,Georgia,8,,23,
3/12/20,Georgia,0,,23,
3/13/20,Georgia,2,,25,
3/14/20,Georgia,0,,25,
1/28/20,Germany,,,1,
1/29/20,Germany,3,,4,
1/30/20,Germany,0,,4,
1/31/20,Germany,1,,5,
2/1/20,Germany,2,,7,
2/2/20,Germany,1,,8,
2/3/20,Germany,2,,10,
2/4/20,Germany,2,,12,
2/5/20,Germany,0,,12,
2/6/20,Germany,0,,12,
2/7/20,Germany,1,,13,
2/8/20,Germany,1,,14,
2/9/20,Germany,0,,14,
2/10/20,Germany,0,,14,
2/11/20,Germany,0,,14,
2/12/20,Germany,2,,16,
2/13/20,Germany,0,,16,
2/14/20,Germany,0,,16,
2/15/20,Germany,0,,16,
2/16/20,Germany,0,,16,
2/17/20,Germany,0,,16,
2/18/20,Germany,0,,16,
2/19/20,Germany,0,,16,
2/20/20,Germany,0,,16,
2/21/20,Germany,0,,16,
2/22/20,Germany,0,,16,
2/23/20,Germany,0,,16,
2/24/20,Germany,0,,16,
2/25/20,Germany,0,,16,
2/26/20,Germany,2,,18,
2/27/20,Germany,3,,21,
2/28/20,Germany,5,,26,
2/29/20,Germany,31,,57,
3/1/20,Germany,0,,57,
3/2/20,Germany,72,,129,
3/3/20,Germany,28,,157,
3/4/20,Germany,39,,196,
3/5/20,Germany,66,,262,
3/6/20,Germany,272,,534,
3/7/20,Germany,105,,639,
3/8/20,Germany,156,,795,
3/9/20,Germany,317,,1112,
3/10/20,Germany,27,,1139,2
3/11/20,Germany,157,0,1296,2
3/12/20,Germany,271,1,1567,3
3/13/20,Germany,802,3,2369,6
3/14/20,Germany,693,0,3062,6
3/14/20,Ghana,,,1,
3/5/20,Gibraltar,,,1,
3/6/20,Gibraltar,0,,1,
3/7/20,Gibraltar,0,,1,
3/8/20,Gibraltar,0,,1,
3/9/20,Gibraltar,0,,1,
3/10/20,Gibraltar,0,,1,
3/11/20,Gibraltar,0,,1,
3/12/20,Gibraltar,0,,1,
3/13/20,Gibraltar,0,,1,
3/14/20,Gibraltar,0,,1,
2/27/20,Greece,,,1,
2/28/20,Greece,2,,3,
2/29/20,Greece,0,,3,
3/1/20,Greece,0,,3,
3/2/20,Greece,4,,7,
3/3/20,Greece,0,,7,
3/4/20,Greece,0,,7,
3/5/20,Greece,2,,9,
3/6/20,Greece,23,,32,
3/7/20,Greece,0,,32,
3/8/20,Greece,34,,66,
3/9/20,Greece,7,,73,
3/10/20,Greece,0,,73,
3/11/20,Greece,16,,89,
3/12/20,Greece,9,,98,1
3/13/20,Greece,0,0,98,1
3/14/20,Greece,0,0,98,1
3/14/20,Guadeloupe,,,1,
3/10/20,Guernsey,,,1,
3/11/20,Guernsey,0,,1,
3/12/20,Guernsey,0,,1,
3/13/20,Guernsey,0,,1,
3/14/20,Guernsey,0,,1,
3/14/20,Guinea,,,1,
3/13/20,Guyana,,,1,1
3/14/20,Guyana,5,0,6,1
3/7/20,Vatican,,,1,
3/8/20,Vatican,0,,1,
3/9/20,Vatican,0,,1,
3/10/20,Vatican,0,,1,
3/11/20,Vatican,0,,1,
3/12/20,Vatican,0,,1,
3/13/20,Vatican,0,,1,
3/14/20,Vatican,0,,1,
3/12/20,Honduras,,,2,
3/13/20,Honduras,0,,2,
3/14/20,Honduras,0,,2,
3/5/20,Hungary,,,2,
3/6/20,Hungary,0,,2,
3/7/20,Hungary,3,,5,
3/8/20,Hungary,2,,7,
3/9/20,Hungary,2,,9,
3/10/20,Hungary,0,,9,
3/11/20,Hungary,4,,13,
3/12/20,Hungary,0,,13,
3/13/20,Hungary,3,,16,
3/14/20,Hungary,3,,19,
3/2/20,Iceland,,,2,
3/3/20,Iceland,7,,9,
3/4/20,Iceland,7,,16,
3/5/20,Iceland,10,,26,
3/6/20,Iceland,0,,26,
3/7/20,Iceland,19,,45,
3/8/20,Iceland,0,,45,
3/9/20,Iceland,10,,55,
3/10/20,Iceland,0,,55,
3/11/20,Iceland,6,,61,
3/12/20,Iceland,0,,61,
3/13/20,Iceland,0,,61,
3/14/20,Iceland,0,,61,
1/30/20,India,,,1,
1/31/20,India,0,,1,
2/1/20,India,0,,1,
2/2/20,India,1,,2,
2/3/20,India,1,,3,
2/4/20,India,0,,3,
2/5/20,India,0,,3,
2/6/20,India,0,,3,
2/7/20,India,0,,3,
2/8/20,India,0,,3,
2/9/20,India,0,,3,
2/10/20,India,0,,3,
2/11/20,India,0,,3,
2/12/20,India,0,,3,
2/13/20,India,0,,3,
2/14/20,India,0,,3,
2/15/20,India,0,,3,
2/16/20,India,0,,3,
2/17/20,India,0,,3,
2/18/20,India,0,,3,
2/19/20,India,0,,3,
2/20/20,India,0,,3,
2/21/20,India,0,,3,
2/22/20,India,0,,3,
2/23/20,India,0,,3,
2/24/20,India,0,,3,
2/25/20,India,0,,3,
2/26/20,India,0,,3,
2/27/20,India,0,,3,
2/28/20,India,0,,3,
2/29/20,India,0,,3,
3/1/20,India,0,,3,
3/2/20,India,0,,3,
3/3/20,India,2,,5,
3/4/20,India,1,,6,
3/5/20,India,23,,29,
3/6/20,India,1,,30,
3/7/20,India,1,,31,
3/8/20,India,3,,34,
3/9/20,India,9,,43,
3/10/20,India,1,,44,
3/11/20,India,16,,60,
3/12/20,India,13,,73,
3/13/20,India,1,,74,1
3/14/20,India,8,1,82,2
3/2/20,Indonesia,,,2,
3/3/20,Indonesia,0,,2,
3/4/20,Indonesia,0,,2,
3/5/20,Indonesia,0,,2,
3/6/20,Indonesia,0,,2,
3/7/20,Indonesia,0,,2,
3/8/20,Indonesia,4,,6,
3/9/20,Indonesia,0,,6,
3/10/20,Indonesia,13,,19,
3/11/20,Indonesia,8,,27,1
3/12/20,Indonesia,7,0,34,1
3/13/20,Indonesia,0,0,34,1
3/14/20,Indonesia,35,2,69,3
2/6/20,International,,,20,
2/7/20,International,41,,61,
2/8/20,International,3,,64,
2/9/20,International,0,,64,
2/10/20,International,6,,70,
2/11/20,International,65,,135,
2/12/20,International,40,,175,
2/13/20,International,-1,,174,
2/14/20,International,44,,218,
2/15/20,International,0,,218,
2/16/20,International,137,,355,
2/17/20,International,99,,454,
2/18/20,International,0,,454,
2/19/20,International,88,,542,
2/20/20,International,79,,621,2
2/21/20,International,13,0,634,2
2/22/20,International,0,0,634,2
2/23/20,International,0,1,634,3
2/24/20,International,61,0,695,3
2/25/20,International,-4,0,691,3
2/26/20,International,0,0,691,3
2/27/20,International,14,1,705,4
2/28/20,International,0,0,705,4
2/29/20,International,0,2,705,6
3/1/20,International,0,0,705,6
3/2/20,International,1,0,706,6
3/3/20,International,0,0,706,6
3/4/20,International,0,0,706,6
3/5/20,International,0,0,706,6
3/6/20,International,-10,0,696,6
3/7/20,International,0,0,696,6
3/8/20,International,0,1,696,7
3/9/20,International,0,0,696,7
3/10/20,International,0,0,696,7
3/11/20,International,0,0,696,7
3/12/20,International,0,0,696,7
3/13/20,International,0,0,696,7
3/14/20,International,1,0,697,7
2/20/20,Iran,,,2,2
2/21/20,Iran,3,0,5,2
2/22/20,Iran,13,2,18,4
2/23/20,Iran,10,1,28,5
2/24/20,Iran,15,3,43,8
2/25/20,Iran,18,4,61,12
2/26/20,Iran,34,3,95,15
2/27/20,Iran,46,7,141,22
2/28/20,Iran,104,4,245,26
2/29/20,Iran,143,8,388,34
3/1/20,Iran,205,9,593,43
3/2/20,Iran,385,11,978,54
3/3/20,Iran,523,12,1501,66
3/4/20,Iran,835,11,2336,77
3/5/20,Iran,586,15,2922,92
3/6/20,Iran,591,15,3513,107
3/7/20,Iran,1234,17,4747,124
3/8/20,Iran,1076,21,5823,145
3/9/20,Iran,743,49,6566,194
3/10/20,Iran,595,43,7161,237
3/11/20,Iran,881,54,8042,291
3/12/20,Iran,958,63,9000,354
3/13/20,Iran,1075,75,10075,429
3/14/20,Iran,1289,85,11364,514
2/25/20,Iraq,,,1,
2/26/20,Iraq,4,,5,
2/27/20,Iraq,1,,6,
2/28/20,Iraq,1,,7,
2/29/20,Iraq,1,,8,
3/1/20,Iraq,5,,13,
3/2/20,Iraq,6,,19,
3/3/20,Iraq,7,,26,
3/4/20,Iraq,5,,31,
3/5/20,Iraq,5,,36,2
3/6/20,Iraq,0,0,36,2
3/7/20,Iraq,8,2,44,4
3/8/20,Iraq,10,0,54,4
3/9/20,Iraq,6,2,60,6
3/10/20,Iraq,1,0,61,6
3/11/20,Iraq,0,0,61,6
3/12/20,Iraq,9,1,70,7
3/13/20,Iraq,0,0,70,7
3/14/20,Iraq,23,2,93,9
3/1/20,Ireland,,,1,
3/2/20,Ireland,0,,1,
3/3/20,Ireland,0,,1,
3/4/20,Ireland,1,,2,
3/5/20,Ireland,0,,2,
3/6/20,Ireland,12,,14,
3/7/20,Ireland,4,,18,
3/8/20,Ireland,1,,19,
3/9/20,Ireland,2,,21,
3/10/20,Ireland,3,,24,
3/11/20,Ireland,10,,34,
3/12/20,Ireland,9,,43,1
3/13/20,Ireland,27,0,70,1
3/14/20,Ireland,20,0,90,1
2/22/20,Israel,,,1,
2/23/20,Israel,0,,1,
2/24/20,Israel,0,,1,
2/25/20,Israel,1,,2,
2/26/20,Israel,0,,2,
2/27/20,Israel,0,,2,
2/28/20,Israel,1,,3,
2/29/20,Israel,2,,5,
3/1/20,Israel,2,,7,
3/2/20,Israel,0,,7,
3/3/20,Israel,3,,10,
3/4/20,Israel,2,,12,
3/5/20,Israel,3,,15,
3/6/20,Israel,0,,15,
3/7/20,Israel,4,,19,
3/8/20,Israel,6,,25,
3/9/20,Israel,14,,39,
3/10/20,Israel,0,,39,
3/11/20,Israel,36,,75,
3/12/20,Israel,0,,75,
3/13/20,Israel,0,,75,
3/14/20,Israel,25,,100,
1/31/20,Italy,,,2,
2/1/20,Italy,0,,2,
2/2/20,Italy,0,,2,
2/3/20,Italy,0,,2,
2/4/20,Italy,0,,2,
2/5/20,Italy,0,,2,
2/6/20,Italy,0,,2,
2/7/20,Italy,1,,3,
2/8/20,Italy,0,,3,
2/9/20,Italy,0,,3,
2/10/20,Italy,0,,3,
2/11/20,Italy,0,,3,
2/12/20,Italy,0,,3,
2/13/20,Italy,0,,3,
2/14/20,Italy,0,,3,
2/15/20,Italy,0,,3,
2/16/20,Italy,0,,3,
2/17/20,Italy,0,,3,
2/18/20,Italy,0,,3,
2/19/20,Italy,0,,3,
2/20/20,Italy,0,,3,
2/21/20,Italy,0,,3,
2/22/20,Italy,6,,9,
2/23/20,Italy,67,,76,2
2/24/20,Italy,48,0,124,2
2/25/20,Italy,105,4,229,6
2/26/20,Italy,93,5,322,11
2/27/20,Italy,78,1,400,12
2/28/20,Italy,250,5,650,17
2/29/20,Italy,238,4,888,21
3/1/20,Italy,240,8,1128,29
3/2/20,Italy,561,6,1689,35
3/3/20,Italy,347,17,2036,52
3/4/20,Italy,466,28,2502,80
3/5/20,Italy,587,27,3089,107
3/6/20,Italy,769,41,3858,148
3/7/20,Italy,778,49,4636,197
3/8/20,Italy,1247,37,5883,234
3/9/20,Italy,1492,132,7375,366
3/10/20,Italy,1797,97,9172,463
3/11/20,Italy,977,168,10149,631
3/12/20,Italy,2313,196,12462,827
3/13/20,Italy,2651,189,15113,1016
3/14/20,Italy,2547,252,17660,1268
3/11/20,Jamaica,,,1,
3/12/20,Jamaica,0,,1,
3/13/20,Jamaica,0,,1,
3/14/20,Jamaica,6,,7,
1/21/20,Japan,,,1,
1/22/20,Japan,0,,1,
1/23/20,Japan,0,,1,
1/24/20,Japan,0,,1,
1/25/20,Japan,2,,3,
1/26/20,Japan,0,,3,
1/27/20,Japan,1,,4,
1/28/20,Japan,2,,6,
1/29/20,Japan,1,,7,
1/30/20,Japan,4,,11,
1/31/20,Japan,3,,14,
2/1/20,Japan,3,,17,
2/2/20,Japan,3,,20,
2/3/20,Japan,0,,20,
2/4/20,Japan,0,,20,
2/5/20,Japan,3,,23,
2/6/20,Japan,2,,25,
2/7/20,Japan,0,,25,
2/8/20,Japan,0,,25,
2/9/20,Japan,1,,26,
2/10/20,Japan,0,,26,
2/11/20,Japan,0,,26,
2/12/20,Japan,2,,28,
2/13/20,Japan,1,,29,
2/14/20,Japan,4,,33,1
2/15/20,Japan,8,0,41,1
2/16/20,Japan,12,0,53,1
2/17/20,Japan,6,0,59,1
2/18/20,Japan,6,0,65,1
2/19/20,Japan,8,0,73,1
2/20/20,Japan,12,0,85,1
2/21/20,Japan,8,0,93,1
2/22/20,Japan,12,0,105,1
2/23/20,Japan,27,0,132,1
2/24/20,Japan,12,0,144,1
2/25/20,Japan,13,0,157,1
2/26/20,Japan,7,0,164,1
2/27/20,Japan,22,2,186,3
2/28/20,Japan,24,1,210,4
2/29/20,Japan,20,1,230,5
3/1/20,Japan,9,0,239,5
3/2/20,Japan,15,1,254,6
3/3/20,Japan,14,0,268,6
3/4/20,Japan,16,0,284,6
3/5/20,Japan,33,0,317,6
3/6/20,Japan,32,0,349,6
3/7/20,Japan,59,0,408,6
3/8/20,Japan,47,0,455,6
3/9/20,Japan,33,1,488,7
3/10/20,Japan,26,2,514,9
3/11/20,Japan,54,3,568,12
3/12/20,Japan,52,3,620,15
3/13/20,Japan,55,4,675,19
3/14/20,Japan,41,2,716,21
3/13/20,Jersey,,,2,
3/14/20,Jersey,0,,2,
3/3/20,Jordan,,,1,
3/4/20,Jordan,0,,1,
3/5/20,Jordan,0,,1,
3/6/20,Jordan,0,,1,
3/7/20,Jordan,0,,1,
3/8/20,Jordan,0,,1,
3/9/20,Jordan,0,,1,
3/10/20,Jordan,0,,1,
3/11/20,Jordan,0,,1,
3/12/20,Jordan,0,,1,
3/13/20,Jordan,0,,1,
3/14/20,Jordan,0,,1,
3/14/20,Kenya,,,1,
2/24/20,Kuwait,,,3,
2/25/20,Kuwait,5,,8,
2/26/20,Kuwait,4,,12,
2/27/20,Kuwait,31,,43,
2/28/20,Kuwait,0,,43,
2/29/20,Kuwait,2,,45,
3/1/20,Kuwait,0,,45,
3/2/20,Kuwait,11,,56,
3/3/20,Kuwait,0,,56,
3/4/20,Kuwait,0,,56,
3/5/20,Kuwait,2,,58,
3/6/20,Kuwait,0,,58,
3/7/20,Kuwait,0,,58,
3/8/20,Kuwait,4,,62,
3/9/20,Kuwait,2,,64,
3/10/20,Kuwait,1,,65,
3/11/20,Kuwait,4,,69,
3/12/20,Kuwait,11,,80,
3/13/20,Kuwait,0,,80,
3/14/20,Kuwait,20,,100,
3/3/20,Latvia,,,1,
3/4/20,Latvia,0,,1,
3/5/20,Latvia,0,,1,
3/6/20,Latvia,0,,1,
3/7/20,Latvia,0,,1,
3/8/20,Latvia,0,,1,
3/9/20,Latvia,2,,3,
3/10/20,Latvia,3,,6,
3/11/20,Latvia,2,,8,
3/12/20,Latvia,8,,16,
3/13/20,Latvia,0,,16,
3/14/20,Latvia,0,,16,
2/22/20,Lebanon,,,1,
2/23/20,Lebanon,0,,1,
2/24/20,Lebanon,0,,1,
2/25/20,Lebanon,0,,1,
2/26/20,Lebanon,0,,1,
2/27/20,Lebanon,1,,2,
2/28/20,Lebanon,0,,2,
2/29/20,Lebanon,0,,2,
3/1/20,Lebanon,0,,2,
3/2/20,Lebanon,8,,10,
3/3/20,Lebanon,3,,13,
3/4/20,Lebanon,0,,13,
3/5/20,Lebanon,0,,13,
3/6/20,Lebanon,3,,16,
3/7/20,Lebanon,6,,22,
3/8/20,Lebanon,6,,28,
3/9/20,Lebanon,4,,32,
3/10/20,Lebanon,9,,41,
3/11/20,Lebanon,0,,41,1
3/12/20,Lebanon,25,2,66,3
3/13/20,Lebanon,0,0,66,3
3/14/20,Lebanon,11,1,77,4
3/5/20,Liechtenstein,,,1,
3/6/20,Liechtenstein,0,,1,
3/7/20,Liechtenstein,0,,1,
3/8/20,Liechtenstein,0,,1,
3/9/20,Liechtenstein,0,,1,
3/10/20,Liechtenstein,0,,1,
3/11/20,Liechtenstein,0,,1,
3/12/20,Liechtenstein,0,,1,
3/13/20,Liechtenstein,3,,4,
3/14/20,Liechtenstein,0,,4,
2/28/20,Lithuania,,,1,
2/29/20,Lithuania,0,,1,
3/1/20,Lithuania,0,,1,
3/2/20,Lithuania,0,,1,
3/3/20,Lithuania,0,,1,
3/4/20,Lithuania,0,,1,
3/5/20,Lithuania,0,,1,
3/6/20,Lithuania,0,,1,
3/7/20,Lithuania,0,,1,
3/8/20,Lithuania,0,,1,
3/9/20,Lithuania,0,,1,
3/10/20,Lithuania,0,,1,
3/11/20,Lithuania,0,,1,
3/12/20,Lithuania,2,,3,
3/13/20,Lithuania,0,,3,
3/14/20,Lithuania,3,,6,
3/2/20,Luxembourg,,,1,
3/3/20,Luxembourg,0,,1,
3/4/20,Luxembourg,0,,1,
3/5/20,Luxembourg,0,,1,
3/6/20,Luxembourg,0,,1,
3/7/20,Luxembourg,1,,2,
3/8/20,Luxembourg,0,,2,
3/9/20,Luxembourg,0,,2,
3/10/20,Luxembourg,3,,5,
3/11/20,Luxembourg,0,,5,
3/12/20,Luxembourg,12,,17,
3/13/20,Luxembourg,0,,17,
3/14/20,Luxembourg,21,,38,1
1/26/20,Malaysia,,,3,
1/27/20,Malaysia,1,,4,
1/28/20,Malaysia,0,,4,
1/29/20,Malaysia,0,,4,
1/30/20,Malaysia,3,,7,
1/31/20,Malaysia,1,,8,
2/1/20,Malaysia,0,,8,
2/2/20,Malaysia,0,,8,
2/3/20,Malaysia,0,,8,
2/4/20,Malaysia,2,,10,
2/5/20,Malaysia,0,,10,
2/6/20,Malaysia,2,,12,
2/7/20,Malaysia,2,,14,
2/8/20,Malaysia,1,,15,
2/9/20,Malaysia,2,,17,
2/10/20,Malaysia,1,,18,
2/11/20,Malaysia,0,,18,
2/12/20,Malaysia,0,,18,
2/13/20,Malaysia,0,,18,
2/14/20,Malaysia,1,,19,
2/15/20,Malaysia,2,,21,
2/16/20,Malaysia,1,,22,
2/17/20,Malaysia,0,,22,
2/18/20,Malaysia,0,,22,
2/19/20,Malaysia,0,,22,
2/20/20,Malaysia,0,,22,
2/21/20,Malaysia,0,,22,
2/22/20,Malaysia,0,,22,
2/23/20,Malaysia,0,,22,
2/24/20,Malaysia,0,,22,
2/25/20,Malaysia,0,,22,
2/26/20,Malaysia,0,,22,
2/27/20,Malaysia,0,,22,
2/28/20,Malaysia,2,,24,
2/29/20,Malaysia,0,,24,
3/1/20,Malaysia,0,,24,
3/2/20,Malaysia,0,,24,
3/3/20,Malaysia,5,,29,
3/4/20,Malaysia,21,,50,
3/5/20,Malaysia,0,,50,
3/6/20,Malaysia,5,,55,
3/7/20,Malaysia,28,,83,
3/8/20,Malaysia,10,,93,
3/9/20,Malaysia,0,,93,
3/10/20,Malaysia,24,,117,
3/11/20,Malaysia,12,,129,
3/12/20,Malaysia,0,,129,
3/13/20,Malaysia,0,,129,
3/14/20,Malaysia,68,,197,
3/8/20,Maldives,,,2,
3/9/20,Maldives,2,,4,
3/10/20,Maldives,0,,4,
3/11/20,Maldives,4,,8,
3/12/20,Maldives,0,,8,
3/13/20,Maldives,0,,8,
3/14/20,Maldives,1,,9,
3/8/20,Malta,,,3,
3/9/20,Malta,0,,3,
3/10/20,Malta,1,,4,
3/11/20,Malta,0,,4,
3/12/20,Malta,2,,6,
3/13/20,Malta,3,,9,
3/14/20,Malta,3,,12,
3/8/20,Martinique,,,2,
3/9/20,Martinique,0,,2,
3/10/20,Martinique,0,,2,
3/11/20,Martinique,1,,3,
3/12/20,Martinique,0,,3,
3/13/20,Martinique,1,,4,
3/14/20,Martinique,2,,6,
2/29/20,Mexico,,,2,
3/1/20,Mexico,0,,2,
3/2/20,Mexico,3,,5,
3/3/20,Mexico,0,,5,
3/4/20,Mexico,0,,5,
3/5/20,Mexico,0,,5,
3/6/20,Mexico,0,,5,
3/7/20,Mexico,0,,5,
3/8/20,Mexico,2,,7,
3/9/20,Mexico,0,,7,
3/10/20,Mexico,0,,7,
3/11/20,Mexico,0,,7,
3/12/20,Mexico,4,,11,
3/13/20,Mexico,1,,12,
3/14/20,Mexico,14,,26,
3/1/20,Monaco,,,1,
3/2/20,Monaco,0,,1,
3/3/20,Monaco,0,,1,
3/4/20,Monaco,0,,1,
3/5/20,Monaco,0,,1,
3/6/20,Monaco,0,,1,
3/7/20,Monaco,0,,1,
3/8/20,Monaco,0,,1,
3/9/20,Monaco,0,,1,
3/10/20,Monaco,0,,1,
3/11/20,Monaco,0,,1,
3/12/20,Monaco,0,,1,
3/13/20,Monaco,0,,1,
3/14/20,Monaco,1,,2,
3/10/20,Mongolia,,,1,
3/11/20,Mongolia,0,,1,
3/12/20,Mongolia,0,,1,
3/13/20,Mongolia,0,,1,
3/14/20,Mongolia,0,,1,
3/3/20,Morocco,,,1,
3/4/20,Morocco,0,,1,
3/5/20,Morocco,1,,2,
3/6/20,Morocco,0,,2,
3/7/20,Morocco,0,,2,
3/8/20,Morocco,0,,2,
3/9/20,Morocco,0,,2,
3/10/20,Morocco,0,,2,
3/11/20,Morocco,1,,3,1
3/12/20,Morocco,2,0,5,1
3/13/20,Morocco,1,0,6,1
3/14/20,Morocco,1,0,7,1
1/25/20,Nepal,,,1,
1/26/20,Nepal,0,,1,
1/27/20,Nepal,0,,1,
1/28/20,Nepal,0,,1,
1/29/20,Nepal,0,,1,
1/30/20,Nepal,0,,1,
1/31/20,Nepal,0,,1,
2/1/20,Nepal,0,,1,
2/2/20,Nepal,0,,1,
2/3/20,Nepal,0,,1,
2/4/20,Nepal,0,,1,
2/5/20,Nepal,0,,1,
2/6/20,Nepal,0,,1,
2/7/20,Nepal,0,,1,
2/8/20,Nepal,0,,1,
2/9/20,Nepal,0,,1,
2/10/20,Nepal,0,,1,
2/11/20,Nepal,0,,1,
2/12/20,Nepal,0,,1,
2/13/20,Nepal,0,,1,
2/14/20,Nepal,0,,1,
2/15/20,Nepal,0,,1,
2/16/20,Nepal,0,,1,
2/17/20,Nepal,0,,1,
2/18/20,Nepal,0,,1,
2/19/20,Nepal,0,,1,
2/20/20,Nepal,0,,1,
2/21/20,Nepal,0,,1,
2/22/20,Nepal,0,,1,
2/23/20,Nepal,0,,1,
2/24/20,Nepal,0,,1,
2/25/20,Nepal,0,,1,
2/26/20,Nepal,0,,1,
2/27/20,Nepal,0,,1,
2/28/20,Nepal,0,,1,
2/29/20,Nepal,0,,1,
3/1/20,Nepal,0,,1,
3/2/20,Nepal,0,,1,
3/3/20,Nepal,0,,1,
3/4/20,Nepal,0,,1,
3/5/20,Nepal,0,,1,
3/6/20,Nepal,0,,1,
3/7/20,Nepal,0,,1,
3/8/20,Nepal,0,,1,
3/9/20,Nepal,0,,1,
3/10/20,Nepal,0,,1,
3/11/20,Nepal,0,,1,
3/12/20,Nepal,0,,1,
3/13/20,Nepal,0,,1,
3/14/20,Nepal,0,,1,
2/28/20,Netherlands,,,1,
2/29/20,Netherlands,1,,2,
3/1/20,Netherlands,5,,7,
3/2/20,Netherlands,6,,13,
3/3/20,Netherlands,5,,18,
3/4/20,Netherlands,10,,28,
3/5/20,Netherlands,10,,38,
3/6/20,Netherlands,44,,82,
3/7/20,Netherlands,46,,128,1
3/8/20,Netherlands,60,0,188,1
3/9/20,Netherlands,77,2,265,3
3/10/20,Netherlands,56,0,321,3
3/11/20,Netherlands,61,1,382,4
3/12/20,Netherlands,121,1,503,5
3/13/20,Netherlands,111,0,614,5
3/14/20,Netherlands,190,5,804,10
2/28/20,New Zealand,,,1,
2/29/20,New Zealand,0,,1,
3/1/20,New Zealand,0,,1,
3/2/20,New Zealand,0,,1,
3/3/20,New Zealand,1,,2,
3/4/20,New Zealand,0,,2,
3/5/20,New Zealand,0,,2,
3/6/20,New Zealand,2,,4,
3/7/20,New Zealand,1,,5,
3/8/20,New Zealand,0,,5,
3/9/20,New Zealand,0,,5,
3/10/20,New Zealand,0,,5,
3/11/20,New Zealand,0,,5,
3/12/20,New Zealand,0,,5,
3/13/20,New Zealand,0,,5,
3/14/20,New Zealand,1,,6,
2/28/20,Nigeria,,,1,
2/29/20,Nigeria,0,,1,
3/1/20,Nigeria,0,,1,
3/2/20,Nigeria,0,,1,
3/3/20,Nigeria,0,,1,
3/4/20,Nigeria,0,,1,
3/5/20,Nigeria,0,,1,
3/6/20,Nigeria,0,,1,
3/7/20,Nigeria,0,,1,
3/8/20,Nigeria,0,,1,
3/9/20,Nigeria,1,,2,
3/10/20,Nigeria,0,,2,
3/11/20,Nigeria,0,,2,
3/12/20,Nigeria,0,,2,
3/13/20,Nigeria,0,,2,
3/14/20,Nigeria,0,,2,
2/27/20,Macedonia,,,1,
2/28/20,Macedonia,0,,1,
2/29/20,Macedonia,0,,1,
3/1/20,Macedonia,0,,1,
3/2/20,Macedonia,0,,1,
3/3/20,Macedonia,0,,1,
3/4/20,Macedonia,0,,1,
3/5/20,Macedonia,0,,1,
3/6/20,Macedonia,0,,1,
3/7/20,Macedonia,2,,3,
3/8/20,Macedonia,0,,3,
3/9/20,Macedonia,0,,3,
3/10/20,Macedonia,4,,7,
3/11/20,Macedonia,0,,7,
3/12/20,Macedonia,0,,7,
3/13/20,Macedonia,0,,7,
3/14/20,Macedonia,2,,9,
2/27/20,Norway,,,1,
2/28/20,Norway,3,,4,
2/29/20,Norway,2,,6,
3/1/20,Norway,9,,15,
3/2/20,Norway,4,,19,
3/3/20,Norway,6,,25,
3/4/20,Norway,7,,32,
3/5/20,Norway,24,,56,
3/6/20,Norway,30,,86,
3/7/20,Norway,27,,113,
3/8/20,Norway,34,,147,
3/9/20,Norway,22,,169,
3/10/20,Norway,23,,192,
3/11/20,Norway,85,,277,
3/12/20,Norway,212,,489,
3/13/20,Norway,0,,489,1
3/14/20,Norway,261,0,750,1
3/5/20,Palestine,,,4,
3/6/20,Palestine,3,,7,
3/7/20,Palestine,9,,16,
3/8/20,Palestine,0,,16,
3/9/20,Palestine,3,,19,
3/10/20,Palestine,7,,26,
3/11/20,Palestine,4,,30,
3/12/20,Palestine,0,,30,
3/13/20,Palestine,1,,31,
3/14/20,Palestine,4,,35,
2/25/20,Oman,,,2,
2/26/20,Oman,2,,4,
2/27/20,Oman,0,,4,
2/28/20,Oman,2,,6,
2/29/20,Oman,0,,6,
3/1/20,Oman,0,,6,
3/2/20,Oman,0,,6,
3/3/20,Oman,0,,6,
3/4/20,Oman,6,,12,
3/5/20,Oman,3,,15,
3/6/20,Oman,1,,16,
3/7/20,Oman,0,,16,
3/8/20,Oman,0,,16,
3/9/20,Oman,0,,16,
3/10/20,Oman,2,,18,
3/11/20,Oman,0,,18,
3/12/20,Oman,0,,18,
3/13/20,Oman,0,,18,
3/14/20,Oman,1,,19,
2/27/20,Pakistan,,,2,
2/28/20,Pakistan,0,,2,
2/29/20,Pakistan,0,,2,
3/1/20,Pakistan,2,,4,
3/2/20,Pakistan,0,,4,
3/3/20,Pakistan,1,,5,
3/4/20,Pakistan,0,,5,
3/5/20,Pakistan,0,,5,
3/6/20,Pakistan,0,,5,
3/7/20,Pakistan,0,,5,
3/8/20,Pakistan,0,,5,
3/9/20,Pakistan,1,,6,
3/10/20,Pakistan,10,,16,
3/11/20,Pakistan,0,,16,
3/12/20,Pakistan,3,,19,
3/13/20,Pakistan,1,,20,
3/14/20,Pakistan,1,,21,
3/10/20,Panama,,,1,
3/11/20,Panama,7,,8,1
3/12/20,Panama,2,0,10,1
3/13/20,Panama,4,0,14,1
3/14/20,Panama,13,0,27,1
3/9/20,Paraguay,,,1,
3/10/20,Paraguay,0,,1,
3/11/20,Paraguay,4,,5,
3/12/20,Paraguay,0,,5,
3/13/20,Paraguay,0,,5,
3/14/20,Paraguay,1,,6,
3/7/20,Peru,,,1,
3/8/20,Peru,5,,6,
3/9/20,Peru,0,,6,
3/10/20,Peru,3,,9,
3/11/20,Peru,2,,11,
3/12/20,Peru,6,,17,
3/13/20,Peru,5,,22,
3/14/20,Peru,6,,28,
1/30/20,Philippines,,,1,
1/31/20,Philippines,0,,1,
2/1/20,Philippines,0,,1,
2/2/20,Philippines,1,,2,1
2/3/20,Philippines,0,0,2,1
2/4/20,Philippines,0,0,2,1
2/5/20,Philippines,1,0,3,1
2/6/20,Philippines,0,0,3,1
2/7/20,Philippines,0,0,3,1
2/8/20,Philippines,0,0,3,1
2/9/20,Philippines,0,0,3,1
2/10/20,Philippines,0,0,3,1
2/11/20,Philippines,0,0,3,1
2/12/20,Philippines,0,0,3,1
2/13/20,Philippines,0,0,3,1
2/14/20,Philippines,0,0,3,1
2/15/20,Philippines,0,0,3,1
2/16/20,Philippines,0,0,3,1
2/17/20,Philippines,0,0,3,1
2/18/20,Philippines,0,0,3,1
2/19/20,Philippines,0,0,3,1
2/20/20,Philippines,0,0,3,1
2/21/20,Philippines,0,0,3,1
2/22/20,Philippines,0,0,3,1
2/23/20,Philippines,0,0,3,1
2/24/20,Philippines,0,0,3,1
2/25/20,Philippines,0,0,3,1
2/26/20,Philippines,0,0,3,1
2/27/20,Philippines,0,0,3,1
2/28/20,Philippines,0,0,3,1
2/29/20,Philippines,0,0,3,1
3/1/20,Philippines,0,0,3,1
3/2/20,Philippines,0,0,3,1
3/3/20,Philippines,0,0,3,1
3/4/20,Philippines,0,0,3,1
3/5/20,Philippines,0,0,3,1
3/6/20,Philippines,2,0,5,1
3/7/20,Philippines,0,0,5,1
3/8/20,Philippines,1,0,6,1
3/9/20,Philippines,4,0,10,1
3/10/20,Philippines,23,0,33,1
3/11/20,Philippines,16,1,49,2
3/12/20,Philippines,3,3,52,5
3/13/20,Philippines,0,3,52,8
3/14/20,Philippines,45,1,111,9
3/15/20,Philippines,29,2,140,11
3/4/20,Poland,,,1,
3/5/20,Poland,0,,1,
3/6/20,Poland,0,,1,
3/7/20,Poland,4,,5,
3/8/20,Poland,1,,6,
3/9/20,Poland,5,,11,
3/10/20,Poland,5,,16,
3/11/20,Poland,6,,22,
3/12/20,Poland,22,,44,
3/13/20,Poland,5,,49,1
3/14/20,Poland,15,0,64,1
3/3/20,Portugal,,,2,
3/4/20,Portugal,0,,2,
3/5/20,Portugal,5,,7,
3/6/20,Portugal,2,,9,
3/7/20,Portugal,4,,13,
3/8/20,Portugal,8,,21,
3/9/20,Portugal,9,,30,
3/10/20,Portugal,0,,30,
3/11/20,Portugal,11,,41,
3/12/20,Portugal,0,,41,
3/13/20,Portugal,0,,41,
3/14/20,Portugal,71,,112,
3/14/20,Puerto Rico,,,3,
3/1/20,Qatar,,,1,
3/2/20,Qatar,2,,3,
3/3/20,Qatar,4,,7,
3/4/20,Qatar,1,,8,
3/5/20,Qatar,0,,8,
3/6/20,Qatar,0,,8,
3/7/20,Qatar,3,,11,
3/8/20,Qatar,1,,12,
3/9/20,Qatar,3,,15,
3/10/20,Qatar,3,,18,
3/11/20,Qatar,6,,24,
3/12/20,Qatar,238,,262,
3/13/20,Qatar,0,,262,
3/14/20,Qatar,0,,262,
1/21/20,South Korea,,,1,
1/22/20,South Korea,0,,1,
1/23/20,South Korea,0,,1,
1/24/20,South Korea,1,,2,
1/25/20,South Korea,0,,2,
1/26/20,South Korea,0,,2,
1/27/20,South Korea,2,,4,
1/28/20,South Korea,0,,4,
1/29/20,South Korea,0,,4,
1/30/20,South Korea,0,,4,
1/31/20,South Korea,7,,11,
2/1/20,South Korea,1,,12,
2/2/20,South Korea,3,,15,
2/3/20,South Korea,0,,15,
2/4/20,South Korea,1,,16,
2/5/20,South Korea,2,,18,
2/6/20,South Korea,5,,23,
2/7/20,South Korea,1,,24,
2/8/20,South Korea,0,,24,
2/9/20,South Korea,3,,27,
2/10/20,South Korea,0,,27,
2/11/20,South Korea,1,,28,
2/12/20,South Korea,0,,28,
2/13/20,South Korea,0,,28,
2/14/20,South Korea,0,,28,
2/15/20,South Korea,0,,28,
2/16/20,South Korea,1,,29,
2/17/20,South Korea,1,,30,
2/18/20,South Korea,1,,31,
2/19/20,South Korea,20,,51,
2/20/20,South Korea,53,,104,1
2/21/20,South Korea,100,0,204,1
2/22/20,South Korea,142,1,346,2
2/23/20,South Korea,256,3,602,5
2/24/20,South Korea,161,2,763,7
2/25/20,South Korea,214,3,977,10
2/26/20,South Korea,284,2,1261,12
2/27/20,South Korea,505,1,1766,13
2/28/20,South Korea,571,0,2337,13
2/29/20,South Korea,813,4,3150,17
3/1/20,South Korea,586,1,3736,18
3/2/20,South Korea,476,4,4212,22
3/3/20,South Korea,600,6,4812,28
3/4/20,South Korea,516,4,5328,32
3/5/20,South Korea,438,3,5766,35
3/6/20,South Korea,518,7,6284,42
3/7/20,South Korea,483,2,6767,44
3/8/20,South Korea,367,6,7134,50
3/9/20,South Korea,248,1,7382,51
3/10/20,South Korea,131,3,7513,54
3/11/20,South Korea,242,6,7755,60
3/12/20,South Korea,114,6,7869,66
3/13/20,South Korea,110,0,7979,66
3/14/20,South Korea,107,6,8086,72
3/8/20,Moldova,,,1,
3/9/20,Moldova,0,,1,
3/10/20,Moldova,0,,1,
3/11/20,Moldova,2,,3,
3/12/20,Moldova,1,,4,
3/13/20,Moldova,0,,4,
3/14/20,Moldova,4,,8,
2/27/20,Romania,,,1,
2/28/20,Romania,0,,1,
2/29/20,Romania,2,,3,
3/1/20,Romania,0,,3,
3/2/20,Romania,0,,3,
3/3/20,Romania,0,,3,
3/4/20,Romania,1,,4,
3/5/20,Romania,0,,4,
3/6/20,Romania,2,,6,
3/7/20,Romania,1,,7,
3/8/20,Romania,6,,13,
3/9/20,Romania,2,,15,
3/10/20,Romania,0,,15,
3/11/20,Romania,10,,25,
3/12/20,Romania,23,,48,
3/13/20,Romania,0,,48,
3/14/20,Romania,16,,64,
2/1/20,Russia,,,2,
2/2/20,Russia,0,,2,
2/3/20,Russia,0,,2,
2/4/20,Russia,0,,2,
2/5/20,Russia,0,,2,
2/6/20,Russia,0,,2,
2/7/20,Russia,0,,2,
2/8/20,Russia,0,,2,
2/9/20,Russia,0,,2,
2/10/20,Russia,0,,2,
2/11/20,Russia,0,,2,
2/12/20,Russia,0,,2,
2/13/20,Russia,0,,2,
2/14/20,Russia,0,,2,
2/15/20,Russia,0,,2,
2/16/20,Russia,0,,2,
2/17/20,Russia,0,,2,
2/18/20,Russia,0,,2,
2/19/20,Russia,0,,2,
2/20/20,Russia,0,,2,
2/21/20,Russia,0,,2,
2/22/20,Russia,0,,2,
2/23/20,Russia,0,,2,
2/24/20,Russia,0,,2,
2/25/20,Russia,0,,2,
2/26/20,Russia,0,,2,
2/27/20,Russia,0,,2,
2/28/20,Russia,0,,2,
2/29/20,Russia,0,,2,
3/1/20,Russia,0,,2,
3/2/20,Russia,0,,2,
3/3/20,Russia,1,,3,
3/4/20,Russia,0,,3,
3/5/20,Russia,0,,3,
3/6/20,Russia,1,,4,
3/7/20,Russia,3,,7,
3/8/20,Russia,0,,7,
3/9/20,Russia,0,,7,
3/10/20,Russia,0,,7,
3/11/20,Russia,0,,7,
3/12/20,Russia,13,,20,
3/13/20,Russia,14,,34,
3/14/20,Russia,0,,34,
3/13/20,Reunion,,,3,
3/14/20,Reunion,2,,5,
3/5/20,Saint Barthlemy,,,1,
3/6/20,Saint Barthlemy,0,,1,
3/7/20,Saint Barthlemy,0,,1,
3/8/20,Saint Barthlemy,0,,1,
3/9/20,Saint Barthlemy,0,,1,
3/10/20,Saint Barthlemy,0,,1,
3/11/20,Saint Barthlemy,0,,1,
3/12/20,Saint Barthlemy,0,,1,
3/13/20,Saint Barthlemy,0,,1,
3/14/20,Saint Barthlemy,0,,1,
3/5/20,Saint Martin (French part),,,2,
3/6/20,Saint Martin (French part),0,,2,
3/7/20,Saint Martin (French part),0,,2,
3/8/20,Saint Martin (French part),0,,2,
3/9/20,Saint Martin (French part),0,,2,
3/10/20,Saint Martin (French part),0,,2,
3/11/20,Saint Martin (French part),0,,2,
3/12/20,Saint Martin (French part),0,,2,
3/13/20,Saint Martin (French part),0,,2,
3/14/20,Saint Martin (French part),0,,2,
3/13/20,Saint Vincent and the Grenadines,,,1,
3/14/20,Saint Vincent and the Grenadines,0,,1,
2/29/20,San Marino,,,1,
3/1/20,San Marino,0,,1,
3/2/20,San Marino,0,,1,
3/3/20,San Marino,7,,8,
3/4/20,San Marino,0,,8,
3/5/20,San Marino,8,,16,
3/6/20,San Marino,5,,21,
3/7/20,San Marino,3,,24,
3/8/20,San Marino,3,,27,1
3/9/20,San Marino,10,0,37,1
3/10/20,San Marino,12,1,49,2
3/11/20,San Marino,14,0,63,2
3/12/20,San Marino,0,0,63,2
3/13/20,San Marino,0,0,63,2
3/14/20,San Marino,3,0,66,2
3/3/20,Saudi Arabia,,,1,
3/4/20,Saudi Arabia,0,,1,
3/5/20,Saudi Arabia,1,,2,
3/6/20,Saudi Arabia,6,,8,
3/7/20,Saudi Arabia,0,,8,
3/8/20,Saudi Arabia,3,,11,
3/9/20,Saudi Arabia,4,,15,
3/10/20,Saudi Arabia,0,,15,
3/11/20,Saudi Arabia,5,,20,
3/12/20,Saudi Arabia,1,,21,
3/13/20,Saudi Arabia,0,,21,
3/14/20,Saudi Arabia,41,,62,
3/3/20,Senegal,,,1,
3/4/20,Senegal,0,,1,
3/5/20,Senegal,3,,4,
3/6/20,Senegal,0,,4,
3/7/20,Senegal,0,,4,
3/8/20,Senegal,0,,4,
3/9/20,Senegal,0,,4,
3/10/20,Senegal,0,,4,
3/11/20,Senegal,0,,4,
3/12/20,Senegal,0,,4,
3/13/20,Senegal,6,,10,
3/14/20,Senegal,0,,10,
3/6/20,Serbia,,,1,
3/7/20,Serbia,0,,1,
3/8/20,Serbia,0,,1,
3/9/20,Serbia,0,,1,
3/10/20,Serbia,0,,1,
3/11/20,Serbia,11,,12,
3/12/20,Serbia,7,,19,
3/13/20,Serbia,0,,19,
3/14/20,Serbia,12,,31,
1/24/20,Singapore,,,1,
1/25/20,Singapore,2,,3,
1/26/20,Singapore,1,,4,
1/27/20,Singapore,0,,4,
1/28/20,Singapore,3,,7,
1/29/20,Singapore,0,,7,
1/30/20,Singapore,3,,10,
1/31/20,Singapore,3,,13,
2/1/20,Singapore,3,,16,
2/2/20,Singapore,2,,18,
2/3/20,Singapore,0,,18,
2/4/20,Singapore,0,,18,
2/5/20,Singapore,6,,24,
2/6/20,Singapore,4,,28,
2/7/20,Singapore,2,,30,
2/8/20,Singapore,3,,33,
2/9/20,Singapore,7,,40,
2/10/20,Singapore,3,,43,
2/11/20,Singapore,2,,45,
2/12/20,Singapore,2,,47,
2/13/20,Singapore,3,,50,
2/14/20,Singapore,8,,58,
2/15/20,Singapore,9,,67,
2/16/20,Singapore,5,,72,
2/17/20,Singapore,3,,75,
2/18/20,Singapore,2,,77,
2/19/20,Singapore,4,,81,
2/20/20,Singapore,3,,84,
2/21/20,Singapore,1,,85,
2/22/20,Singapore,1,,86,
2/23/20,Singapore,3,,89,
2/24/20,Singapore,0,,89,
2/25/20,Singapore,1,,90,
2/26/20,Singapore,1,,91,
2/27/20,Singapore,2,,93,
2/28/20,Singapore,3,,96,
2/29/20,Singapore,2,,98,
3/1/20,Singapore,4,,102,
3/2/20,Singapore,4,,106,
3/3/20,Singapore,2,,108,
3/4/20,Singapore,2,,110,
3/5/20,Singapore,0,,110,
3/6/20,Singapore,7,,117,
3/7/20,Singapore,13,,130,
3/8/20,Singapore,8,,138,
3/9/20,Singapore,12,,150,
3/10/20,Singapore,10,,160,
3/11/20,Singapore,6,,166,
3/12/20,Singapore,12,,178,
3/13/20,Singapore,9,,187,
3/14/20,Singapore,13,,200,
3/7/20,Slovakia,,,1,
3/8/20,Slovakia,2,,3,
3/9/20,Slovakia,2,,5,
3/10/20,Slovakia,2,,7,
3/11/20,Slovakia,0,,7,
3/12/20,Slovakia,3,,10,
3/13/20,Slovakia,11,,21,
3/14/20,Slovakia,9,,30,
3/5/20,Slovenia,,,1,
3/6/20,Slovenia,5,,6,
3/7/20,Slovenia,3,,9,
3/8/20,Slovenia,3,,12,
3/9/20,Slovenia,4,,16,
3/10/20,Slovenia,7,,23,
3/11/20,Slovenia,8,,31,
3/12/20,Slovenia,26,,57,
3/13/20,Slovenia,0,,57,
3/14/20,Slovenia,84,,141,
3/6/20,South Africa,,,1,
3/7/20,South Africa,0,,1,
3/8/20,South Africa,1,,2,
3/9/20,South Africa,1,,3,
3/10/20,South Africa,4,,7,
3/11/20,South Africa,0,,7,
3/12/20,South Africa,6,,13,
3/13/20,South Africa,4,,17,
3/14/20,South Africa,0,,17,
2/1/20,Spain,,,1,
2/2/20,Spain,0,,1,
2/3/20,Spain,0,,1,
2/4/20,Spain,0,,1,
2/5/20,Spain,0,,1,
2/6/20,Spain,0,,1,
2/7/20,Spain,0,,1,
2/8/20,Spain,0,,1,
2/9/20,Spain,0,,1,
2/10/20,Spain,1,,2,
2/11/20,Spain,0,,2,
2/12/20,Spain,0,,2,
2/13/20,Spain,0,,2,
2/14/20,Spain,0,,2,
2/15/20,Spain,0,,2,
2/16/20,Spain,0,,2,
2/17/20,Spain,0,,2,
2/18/20,Spain,0,,2,
2/19/20,Spain,0,,2,
2/20/20,Spain,0,,2,
2/21/20,Spain,0,,2,
2/22/20,Spain,0,,2,
2/23/20,Spain,0,,2,
2/24/20,Spain,0,,2,
2/25/20,Spain,0,,2,
2/26/20,Spain,0,,2,
2/27/20,Spain,10,,12,
2/28/20,Spain,13,,25,
2/29/20,Spain,7,,32,
3/1/20,Spain,13,,45,
3/2/20,Spain,0,,45,
3/3/20,Spain,69,,114,
3/4/20,Spain,37,,151,
3/5/20,Spain,47,,198,1
3/6/20,Spain,59,2,257,3
3/7/20,Spain,117,2,374,5
3/8/20,Spain,56,0,430,5
3/9/20,Spain,159,5,589,10
3/10/20,Spain,435,18,1024,28
3/11/20,Spain,615,8,1639,36
3/12/20,Spain,501,12,2140,48
3/13/20,Spain,825,36,2965,84
3/14/20,Spain,1266,36,4231,120
1/28/20,Sri Lanka,,,1,
1/29/20,Sri Lanka,0,,1,
1/30/20,Sri Lanka,0,,1,
1/31/20,Sri Lanka,0,,1,
2/1/20,Sri Lanka,0,,1,
2/2/20,Sri Lanka,0,,1,
2/3/20,Sri Lanka,0,,1,
2/4/20,Sri Lanka,0,,1,
2/5/20,Sri Lanka,0,,1,
2/6/20,Sri Lanka,0,,1,
2/7/20,Sri Lanka,0,,1,
2/8/20,Sri Lanka,0,,1,
2/9/20,Sri Lanka,0,,1,
2/10/20,Sri Lanka,0,,1,
2/11/20,Sri Lanka,0,,1,
2/12/20,Sri Lanka,0,,1,
2/13/20,Sri Lanka,0,,1,
2/14/20,Sri Lanka,0,,1,
2/15/20,Sri Lanka,0,,1,
2/16/20,Sri Lanka,0,,1,
2/17/20,Sri Lanka,0,,1,
2/18/20,Sri Lanka,0,,1,
2/19/20,Sri Lanka,0,,1,
2/20/20,Sri Lanka,0,,1,
2/21/20,Sri Lanka,0,,1,
2/22/20,Sri Lanka,0,,1,
2/23/20,Sri Lanka,0,,1,
2/24/20,Sri Lanka,0,,1,
2/25/20,Sri Lanka,0,,1,
2/26/20,Sri Lanka,0,,1,
2/27/20,Sri Lanka,0,,1,
2/28/20,Sri Lanka,0,,1,
2/29/20,Sri Lanka,0,,1,
3/1/20,Sri Lanka,0,,1,
3/2/20,Sri Lanka,0,,1,
3/3/20,Sri Lanka,0,,1,
3/4/20,Sri Lanka,0,,1,
3/5/20,Sri Lanka,0,,1,
3/6/20,Sri Lanka,0,,1,
3/7/20,Sri Lanka,0,,1,
3/8/20,Sri Lanka,0,,1,
3/9/20,Sri Lanka,0,,1,
3/10/20,Sri Lanka,0,,1,
3/11/20,Sri Lanka,0,,1,
3/12/20,Sri Lanka,1,,2,
3/13/20,Sri Lanka,1,,3,
3/14/20,Sri Lanka,3,,6,
3/14/20,Sudan,,,1,
2/1/20,Sweden,,,1,
2/2/20,Sweden,0,,1,
2/3/20,Sweden,0,,1,
2/4/20,Sweden,0,,1,
2/5/20,Sweden,0,,1,
2/6/20,Sweden,0,,1,
2/7/20,Sweden,0,,1,
2/8/20,Sweden,0,,1,
2/9/20,Sweden,0,,1,
2/10/20,Sweden,0,,1,
2/11/20,Sweden,0,,1,
2/12/20,Sweden,0,,1,
2/13/20,Sweden,0,,1,
2/14/20,Sweden,0,,1,
2/15/20,Sweden,0,,1,
2/16/20,Sweden,0,,1,
2/17/20,Sweden,0,,1,
2/18/20,Sweden,0,,1,
2/19/20,Sweden,0,,1,
2/20/20,Sweden,0,,1,
2/21/20,Sweden,0,,1,
2/22/20,Sweden,0,,1,
2/23/20,Sweden,0,,1,
2/24/20,Sweden,0,,1,
2/25/20,Sweden,0,,1,
2/26/20,Sweden,0,,1,
2/27/20,Sweden,1,,2,
2/28/20,Sweden,5,,7,
2/29/20,Sweden,5,,12,
3/1/20,Sweden,1,,13,
3/2/20,Sweden,1,,14,
3/3/20,Sweden,1,,15,
3/4/20,Sweden,9,,24,
3/5/20,Sweden,11,,35,
3/6/20,Sweden,26,,61,
3/7/20,Sweden,76,,137,
3/8/20,Sweden,24,,161,
3/9/20,Sweden,42,,203,
3/10/20,Sweden,45,,248,
3/11/20,Sweden,78,,326,
3/12/20,Sweden,135,,461,
3/13/20,Sweden,159,,620,
3/14/20,Sweden,155,,775,
2/26/20,Switzerland,,,1,
2/27/20,Switzerland,0,,1,
2/28/20,Switzerland,5,,6,
2/29/20,Switzerland,4,,10,
3/1/20,Switzerland,8,,18,
3/2/20,Switzerland,6,,24,
3/3/20,Switzerland,6,,30,
3/4/20,Switzerland,7,,37,
3/5/20,Switzerland,19,,56,
3/6/20,Switzerland,30,,86,1
3/7/20,Switzerland,123,0,209,1
3/8/20,Switzerland,55,1,264,2
3/9/20,Switzerland,68,0,332,2
3/10/20,Switzerland,0,0,332,2
3/11/20,Switzerland,159,1,491,3
3/12/20,Switzerland,154,1,645,4
3/13/20,Switzerland,213,2,858,6
3/14/20,Switzerland,267,0,1125,6
1/21/20,Thailand,,,2,
1/22/20,Thailand,0,,2,
1/23/20,Thailand,2,,4,
1/24/20,Thailand,0,,4,
1/25/20,Thailand,0,,4,
1/26/20,Thailand,1,,5,
1/27/20,Thailand,0,,5,
1/28/20,Thailand,9,,14,
1/29/20,Thailand,0,,14,
1/30/20,Thailand,0,,14,
1/31/20,Thailand,0,,14,
2/1/20,Thailand,5,,19,
2/2/20,Thailand,0,,19,
2/3/20,Thailand,0,,19,
2/4/20,Thailand,0,,19,
2/5/20,Thailand,6,,25,
2/6/20,Thailand,0,,25,
2/7/20,Thailand,0,,25,
2/8/20,Thailand,7,,32,
2/9/20,Thailand,0,,32,
2/10/20,Thailand,0,,32,
2/11/20,Thailand,1,,33,
2/12/20,Thailand,0,,33,
2/13/20,Thailand,0,,33,
2/14/20,Thailand,0,,33,
2/15/20,Thailand,1,,34,
2/16/20,Thailand,0,,34,
2/17/20,Thailand,1,,35,
2/18/20,Thailand,0,,35,
2/19/20,Thailand,0,,35,
2/20/20,Thailand,0,,35,
2/21/20,Thailand,0,,35,
2/22/20,Thailand,0,,35,
2/23/20,Thailand,0,,35,
2/24/20,Thailand,0,,35,
2/25/20,Thailand,2,,37,
2/26/20,Thailand,3,,40,
2/27/20,Thailand,0,,40,
2/28/20,Thailand,0,,40,
2/29/20,Thailand,2,,42,
3/1/20,Thailand,0,,42,
3/2/20,Thailand,0,,42,1
3/3/20,Thailand,1,0,43,1
3/4/20,Thailand,0,0,43,1
3/5/20,Thailand,4,0,47,1
3/6/20,Thailand,0,0,47,1
3/7/20,Thailand,1,0,48,1
3/8/20,Thailand,2,0,50,1
3/9/20,Thailand,0,0,50,1
3/10/20,Thailand,3,0,53,1
3/11/20,Thailand,6,0,59,1
3/12/20,Thailand,11,0,70,1
3/13/20,Thailand,5,0,75,1
3/14/20,Thailand,0,0,75,1
2/1/20,United Kingdom,,,2,
2/2/20,United Kingdom,0,,2,
2/3/20,United Kingdom,0,,2,
2/4/20,United Kingdom,0,,2,
2/5/20,United Kingdom,0,,2,
2/6/20,United Kingdom,0,,2,
2/7/20,United Kingdom,1,,3,
2/8/20,United Kingdom,0,,3,
2/9/20,United Kingdom,0,,3,
2/10/20,United Kingdom,1,,4,
2/11/20,United Kingdom,4,,8,
2/12/20,United Kingdom,0,,8,
2/13/20,United Kingdom,1,,9,
2/14/20,United Kingdom,0,,9,
2/15/20,United Kingdom,0,,9,
2/16/20,United Kingdom,0,,9,
2/17/20,United Kingdom,0,,9,
2/18/20,United Kingdom,0,,9,
2/19/20,United Kingdom,0,,9,
2/20/20,United Kingdom,0,,9,
2/21/20,United Kingdom,0,,9,
2/22/20,United Kingdom,0,,9,
2/23/20,United Kingdom,0,,9,
2/24/20,United Kingdom,0,,9,
2/25/20,United Kingdom,4,,13,
2/26/20,United Kingdom,0,,13,
2/27/20,United Kingdom,0,,13,
2/28/20,United Kingdom,3,,16,
2/29/20,United Kingdom,4,,20,
3/1/20,United Kingdom,3,,23,
3/2/20,United Kingdom,13,,36,
3/3/20,United Kingdom,3,,39,
3/4/20,United Kingdom,12,,51,
3/5/20,United Kingdom,38,,89,
3/6/20,United Kingdom,29,,118,
3/7/20,United Kingdom,49,,167,1
3/8/20,United Kingdom,43,1,210,2
3/9/20,United Kingdom,67,0,277,2
3/10/20,United Kingdom,46,1,323,3
3/11/20,United Kingdom,50,3,373,6
3/12/20,United Kingdom,87,0,460,6
3/13/20,United Kingdom,134,2,594,8
3/14/20,United Kingdom,208,2,802,10
3/7/20,Togo,,,1,
3/8/20,Togo,0,,1,
3/9/20,Togo,0,,1,
3/10/20,Togo,0,,1,
3/11/20,Togo,0,,1,
3/12/20,Togo,0,,1,
3/13/20,Togo,0,,1,
3/14/20,Togo,0,,1,
3/14/20,Trinidad and Tobago,,,1,
3/3/20,Tunisia,,,1,
3/4/20,Tunisia,0,,1,
3/5/20,Tunisia,0,,1,
3/6/20,Tunisia,0,,1,
3/7/20,Tunisia,0,,1,
3/8/20,Tunisia,0,,1,
3/9/20,Tunisia,1,,2,
3/10/20,Tunisia,0,,2,
3/11/20,Tunisia,4,,6,
3/12/20,Tunisia,0,,6,
3/13/20,Tunisia,1,,7,
3/14/20,Tunisia,9,,16,
3/12/20,Turkey,,,1,
3/13/20,Turkey,0,,1,
3/14/20,Turkey,4,,5,
3/4/20,Ukraine,,,1,
3/5/20,Ukraine,0,,1,
3/6/20,Ukraine,0,,1,
3/7/20,Ukraine,0,,1,
3/8/20,Ukraine,0,,1,
3/9/20,Ukraine,0,,1,
3/10/20,Ukraine,0,,1,
3/11/20,Ukraine,0,,1,
3/12/20,Ukraine,0,,1,
3/13/20,Ukraine,2,,3,
3/14/20,Ukraine,0,,3,1
1/29/20,United Arab Emirates,,,4,
1/30/20,United Arab Emirates,0,,4,
1/31/20,United Arab Emirates,0,,4,
2/1/20,United Arab Emirates,0,,4,
2/2/20,United Arab Emirates,1,,5,
2/3/20,United Arab Emirates,0,,5,
2/4/20,United Arab Emirates,0,,5,
2/5/20,United Arab Emirates,0,,5,
2/6/20,United Arab Emirates,0,,5,
2/7/20,United Arab Emirates,0,,5,
2/8/20,United Arab Emirates,2,,7,
2/9/20,United Arab Emirates,0,,7,
2/10/20,United Arab Emirates,0,,7,
2/11/20,United Arab Emirates,1,,8,
2/12/20,United Arab Emirates,0,,8,
2/13/20,United Arab Emirates,0,,8,
2/14/20,United Arab Emirates,0,,8,
2/15/20,United Arab Emirates,0,,8,
2/16/20,United Arab Emirates,0,,8,
2/17/20,United Arab Emirates,1,,9,
2/18/20,United Arab Emirates,0,,9,
2/19/20,United Arab Emirates,0,,9,
2/20/20,United Arab Emirates,0,,9,
2/21/20,United Arab Emirates,0,,9,
2/22/20,United Arab Emirates,2,,11,
2/23/20,United Arab Emirates,2,,13,
2/24/20,United Arab Emirates,0,,13,
2/25/20,United Arab Emirates,0,,13,
2/26/20,United Arab Emirates,0,,13,
2/27/20,United Arab Emirates,0,,13,
2/28/20,United Arab Emirates,6,,19,
2/29/20,United Arab Emirates,0,,19,
3/1/20,United Arab Emirates,0,,19,
3/2/20,United Arab Emirates,2,,21,
3/3/20,United Arab Emirates,0,,21,
3/4/20,United Arab Emirates,6,,27,
3/5/20,United Arab Emirates,0,,27,
3/6/20,United Arab Emirates,0,,27,
3/7/20,United Arab Emirates,18,,45,
3/8/20,United Arab Emirates,0,,45,
3/9/20,United Arab Emirates,0,,45,
3/10/20,United Arab Emirates,14,,59,
3/11/20,United Arab Emirates,15,,74,
3/12/20,United Arab Emirates,0,,74,
3/13/20,United Arab Emirates,11,,85,
3/14/20,United Arab Emirates,0,,85,
1/23/20,United States,,,1,
1/24/20,United States,0,,1,
1/25/20,United States,1,,2,
1/26/20,United States,0,,2,
1/27/20,United States,3,,5,
1/28/20,United States,0,,5,
1/29/20,United States,0,,5,
1/30/20,United States,0,,5,
1/31/20,United States,1,,6,
2/1/20,United States,1,,7,
2/2/20,United States,1,,8,
2/3/20,United States,3,,11,
2/4/20,United States,0,,11,
2/5/20,United States,0,,11,
2/6/20,United States,1,,12,
2/7/20,United States,0,,12,
2/8/20,United States,0,,12,
2/9/20,United States,0,,12,
2/10/20,United States,0,,12,
2/11/20,United States,1,,13,
2/12/20,United States,0,,13,
2/13/20,United States,1,,14,
2/14/20,United States,1,,15,
2/15/20,United States,0,,15,
2/16/20,United States,0,,15,
2/17/20,United States,0,,15,
2/18/20,United States,0,,15,
2/19/20,United States,0,,15,
2/20/20,United States,0,,15,
2/21/20,United States,0,,15,
2/22/20,United States,20,,35,
2/23/20,United States,0,,35,
2/24/20,United States,0,,35,
2/25/20,United States,18,,53,
2/26/20,United States,0,,53,
2/27/20,United States,6,,59,
2/28/20,United States,0,,59,
2/29/20,United States,3,,62,
3/1/20,United States,0,,62,
3/2/20,United States,0,,62,
3/3/20,United States,2,,64,2
3/4/20,United States,44,4,108,6
3/5/20,United States,21,3,129,9
3/6/20,United States,19,1,148,10
3/7/20,United States,65,1,213,11
3/8/20,United States,0,0,213,11
3/9/20,United States,0,0,213,11
3/10/20,United States,259,8,472,19
3/11/20,United States,224,6,696,25
3/12/20,United States,291,4,987,29
3/13/20,United States,277,7,1264,36
3/14/20,United States,414,5,1678,41
3/14/20,Venezuela,,,2,
1/24/20,Vietnam,,,2,
1/25/20,Vietnam,0,,2,
1/26/20,Vietnam,0,,2,
1/27/20,Vietnam,0,,2,
1/28/20,Vietnam,0,,2,
1/29/20,Vietnam,0,,2,
1/30/20,Vietnam,0,,2,
1/31/20,Vietnam,3,,5,
2/1/20,Vietnam,1,,6,
2/2/20,Vietnam,1,,7,
2/3/20,Vietnam,1,,8,
2/4/20,Vietnam,1,,9,
2/5/20,Vietnam,1,,10,
2/6/20,Vietnam,0,,10,
2/7/20,Vietnam,2,,12,
2/8/20,Vietnam,1,,13,
2/9/20,Vietnam,1,,14,
2/10/20,Vietnam,0,,14,
2/11/20,Vietnam,1,,15,
2/12/20,Vietnam,0,,15,
2/13/20,Vietnam,1,,16,
2/14/20,Vietnam,0,,16,
2/15/20,Vietnam,0,,16,
2/16/20,Vietnam,0,,16,
2/17/20,Vietnam,0,,16,
2/18/20,Vietnam,0,,16,
2/19/20,Vietnam,0,,16,
2/20/20,Vietnam,0,,16,
2/21/20,Vietnam,0,,16,
2/22/20,Vietnam,0,,16,
2/23/20,Vietnam,0,,16,
2/24/20,Vietnam,0,,16,
2/25/20,Vietnam,0,,16,
2/26/20,Vietnam,0,,16,
2/27/20,Vietnam,0,,16,
2/28/20,Vietnam,0,,16,
2/29/20,Vietnam,0,,16,
3/1/20,Vietnam,0,,16,
3/2/20,Vietnam,0,,16,
3/3/20,Vietnam,0,,16,
3/4/20,Vietnam,0,,16,
3/5/20,Vietnam,0,,16,
3/6/20,Vietnam,0,,16,
3/7/20,Vietnam,1,,17,
3/8/20,Vietnam,4,,21,
3/9/20,Vietnam,9,,30,
3/10/20,Vietnam,1,,31,
3/11/20,Vietnam,4,,35,
3/12/20,Vietnam,4,,39,
3/13/20,Vietnam,0,,39,
3/14/20,Vietnam,9,,48,
1/21/20,World,0,0,282,6
1/22/20,World,32,0,314,6
1/23/20,World,266,11,581,17
1/24/20,World,262,8,846,25
1/25/20,World,467,16,1320,41
1/26/20,World,691,15,2014,56
1/27/20,World,783,24,2798,80
1/28/20,World,1792,26,4593,106
1/29/20,World,1468,26,6065,132
1/30/20,World,1750,38,7818,170
1/31/20,World,2006,43,9826,213
2/1/20,World,2121,46,11953,259
2/2/20,World,2604,45,14557,305
2/3/20,World,2834,57,17391,362
2/4/20,World,3239,64,20630,426
2/5/20,World,3913,66,24544,492
2/6/20,World,3712,73,28276,565
2/7/20,World,3205,73,31481,638
2/8/20,World,3405,86,34886,724
2/9/20,World,2672,89,37558,813
2/10/20,World,2996,97,40554,910
2/11/20,World,2549,108,43103,1018
2/12/20,World,2068,97,45171,1115
2/13/20,World,1826,254,46997,1369
2/14/20,World,2056,13,49053,1383
2/15/20,World,1526,143,50580,1526
2/16/20,World,1277,142,51857,1669
2/17/20,World,19572,106,71429,1775
2/18/20,World,1903,98,73332,1873
2/19/20,World,1872,136,75204,2009
2/20/20,World,542,115,75748,2129
2/21/20,World,1021,118,76769,2247
2/22/20,World,1023,112,77794,2359
2/23/20,World,1017,102,78811,2463
2/24/20,World,517,155,79331,2618
2/25/20,World,896,82,80239,2700
2/26/20,World,864,62,81109,2762
2/27/20,World,1175,42,82294,2804
2/28/20,World,1353,54,83652,2858
2/29/20,World,1748,66,85403,2924
3/1/20,World,1727,53,87137,2977
3/2/20,World,1801,64,88948,3043
3/3/20,World,1912,67,90869,3112
3/4/20,World,2217,86,93090,3198
3/5/20,World,2220,79,95324,3280
3/6/20,World,2864,99,98192,3380
3/7/20,World,3730,104,101927,3486
3/8/20,World,3644,96,105592,3584
3/9/20,World,3979,224,109577,3809
3/10/20,World,4119,201,113702,4012
3/11/20,World,4611,275,118319,4292
3/12/20,World,6936,317,125260,4613
3/13/20,World,7488,338,132758,4956
3/14/20,World,9766,434,142539,5393